version,id,title,status,category,disposition,current_authority,source_path
Draft1,RACC-T1,Action sufficiency plus successor closure preserves finite trajectory laws,P,Pareto/Accounting,Foundational/historical; consult current scope,"current V6 papers/specs, then Draft5",archive/extracted/Draft1/CLAIM_LEDGER.md
Draft1,RACC-T2,Sound gate plus exact raw fallback gives universal policy non-degradation,C,Other/Research,Foundational/historical; consult current scope,"current V6 papers/specs, then Draft5",archive/extracted/Draft1/CLAIM_LEDGER.md
Draft1,RACC-T3,Finite controlled agents have a canonical minimal exact quotient,P,Foundations/Capacity,Foundational/historical; consult current scope,"current V6 papers/specs, then Draft5",archive/extracted/Draft1/CLAIM_LEDGER.md
Draft1,RACC-T4,Quotient cardinality/entropy lower-bounds exact communication,P,Foundations/Capacity,Foundational/historical; consult current scope,"current V6 papers/specs, then Draft5",archive/extracted/Draft1/CLAIM_LEDGER.md
Draft1,RACC-T5,No universal positive compression ratio over arbitrary literal-output tasks,P/N,Other/Research,Foundational/historical; consult current scope,"current V6 papers/specs, then Draft5",archive/extracted/Draft1/CLAIM_LEDGER.md
Draft1,RACC-T6,Independent sparse demands have exact zero-error expected delivery rate,P,Other/Research,Foundational/historical; consult current scope,"current V6 papers/specs, then Draft5",archive/extracted/Draft1/CLAIM_LEDGER.md
Draft1,RACC-T7,Exposure/replay token accounting obeys an exact identity,P,Recovery/Nondegradation,Foundational/historical; consult current scope,"current V6 papers/specs, then Draft5",archive/extracted/Draft1/CLAIM_LEDGER.md
Draft1,RACC-T8,Doubling evidence expansion is strictly 4-competitive,P/prior art,Other/Research,Foundational/historical; consult current scope,"current V6 papers/specs, then Draft5",archive/extracted/Draft1/CLAIM_LEDGER.md
Draft1,RACC-T9,Dependency closures and causal cuts yield exact bounded views under factorization,C,Pareto/Accounting,Foundational/historical; consult current scope,"current V6 papers/specs, then Draft5",archive/extracted/Draft1/CLAIM_LEDGER.md
Draft1,RACC-T10,Transactional verifier wrapper is task-success non-regressive,C,Other/Research,Foundational/historical; consult current scope,"current V6 papers/specs, then Draft5",archive/extracted/Draft1/CLAIM_LEDGER.md
Draft1,RACC-T11,Sublinear exact causal width plus bounded hierarchy implies savings tending to one,P,Other/Research,Foundational/historical; consult current scope,"current V6 papers/specs, then Draft5",archive/extracted/Draft1/CLAIM_LEDGER.md
Draft1,RACC-J1,RADC-D: broad coding tasks have sublinear certifiable causal width,J,Other/Research,Foundational/historical; consult current scope,"current V6 papers/specs, then Draft5",archive/extracted/Draft1/CLAIM_LEDGER.md
Draft1,RACCR-T1,History selector exists iff every world fiber has a common-safe effect,P,Recovery/Nondegradation,Foundational/historical; consult current scope,"current V6 papers/specs, then Draft5",archive/extracted/Draft1/CLAIM_LEDGER.md
Draft1,RACCR-T2,Support-safe randomization exists iff deterministic safe effect exists,P,Harness/Decision,Foundational/historical; consult current scope,"current V6 papers/specs, then Draft5",archive/extracted/Draft1/CLAIM_LEDGER.md
Draft1,RACCR-T3,Finite recovery tree is complete iff every reachable leaf is safe,P,Recovery/Nondegradation,Foundational/historical; consult current scope,"current V6 papers/specs, then Draft5",archive/extracted/Draft1/CLAIM_LEDGER.md
Draft1,RACCR-T4,Minimal conflict sets form a complete obstruction basis,P,Other/Research,Foundational/historical; consult current scope,"current V6 papers/specs, then Draft5",archive/extracted/Draft1/CLAIM_LEDGER.md
Draft1,RACCR-T5,Minimum arbitrary labels equal conflict-hypergraph chromatic number,P,Other/Research,Foundational/historical; consult current scope,"current V6 papers/specs, then Draft5",archive/extracted/Draft1/CLAIM_LEDGER.md
Draft1,RACCR-T6,Complete replay key plus formation/integrity gives exact protected replay,C,Recovery/Nondegradation,Foundational/historical; consult current scope,"current V6 papers/specs, then Draft5",archive/extracted/Draft1/CLAIM_LEDGER.md
Draft1,RACCR-T7,Forward influence closure is sound and graph-minimal,C,Pareto/Accounting,Foundational/historical; consult current scope,"current V6 papers/specs, then Draft5",archive/extracted/Draft1/CLAIM_LEDGER.md
Draft1,RACCR-T8,Fresh/Invalid/Unknown gate prevents silent stale publication,C,Recovery/Nondegradation,Foundational/historical; consult current scope,"current V6 papers/specs, then Draft5",archive/extracted/Draft1/CLAIM_LEDGER.md
Draft1,RACCR-T9,Pointwise nonregression + strict rescue + lower work gives strict Pareto dominance,P/C,Pareto/Accounting,Foundational/historical; consult current scope,"current V6 papers/specs, then Draft5",archive/extracted/Draft1/CLAIM_LEDGER.md
Draft1,RACCR-T10,Exact Q99-Total condition with preparation,P,Cache/Q99,Foundational/historical; consult current scope,"current V6 papers/specs, then Draft5",archive/extracted/Draft1/CLAIM_LEDGER.md
Draft1,OMEGA-T1,Protected future equivalence is a right congruence,P,Foundations/Capacity,Foundational/historical; consult current scope,"current V6 papers/specs, then Draft5",archive/extracted/Draft1/CLAIM_LEDGER.md
Draft1,OMEGA-T2,Future quotient is the minimal exact protected continuation machine,P,Harness/Decision,Foundational/historical; consult current scope,"current V6 papers/specs, then Draft5",archive/extracted/Draft1/CLAIM_LEDGER.md
Draft1,OMEGA-T3,Fixed-recovery message law is `U_P(rho) <= V^t`,P,Recovery/Nondegradation,Foundational/historical; consult current scope,"current V6 papers/specs, then Draft5",archive/extracted/Draft1/CLAIM_LEDGER.md
Draft1,OMEGA-T4,"Under realizable balanced partitions, one token iff `N_P <= L*V`",P/C,Other/Research,Foundational/historical; consult current scope,"current V6 papers/specs, then Draft5",archive/extracted/Draft1/CLAIM_LEDGER.md
Draft1,OMEGA-T5,Four-channel capacity obeys input and output conservation,P/C,Foundations/Capacity,Foundational/historical; consult current scope,"current V6 papers/specs, then Draft5",archive/extracted/Draft1/CLAIM_LEDGER.md
Draft1,OMEGA-T6,Arbitrary first-use requests cannot enter through one literal information token,P,Other/Research,Foundational/historical; consult current scope,"current V6 papers/specs, then Draft5",archive/extracted/Draft1/CLAIM_LEDGER.md
Draft1,OMEGA-T7,One-token arbitrary output requires stored/executable or separately charged result state,P,Other/Research,Foundational/historical; consult current scope,"current V6 papers/specs, then Draft5",archive/extracted/Draft1/CLAIM_LEDGER.md
Draft1,OMEGA-T8,Complete CEGAR refinement converges in at most `N_P-1` splits,P,Effects/Authority,Foundational/historical; consult current scope,"current V6 papers/specs, then Draft5",archive/extracted/Draft1/CLAIM_LEDGER.md
Draft1,OMEGA-J1,Useful tasks have bounded/sublinear protected causal interfaces,J,Other/Research,Foundational/historical; consult current scope,"current V6 papers/specs, then Draft5",archive/extracted/Draft1/CLAIM_LEDGER.md
Draft1,INF-T1,Directed protected quotients form a coherent inverse system,P,Foundations/Capacity,Foundational/historical; consult current scope,"current V6 papers/specs, then Draft5",archive/extracted/Draft1/CLAIM_LEDGER.md
Draft1,INF-T2,Complete-history quotient injects into inverse limit,P,Foundations/Capacity,Foundational/historical; consult current scope,"current V6 papers/specs, then Draft5",archive/extracted/Draft1/CLAIM_LEDGER.md
Draft1,INF-T3,Finite/compact closed-class premises give realization,P,Other/Research,Foundational/historical; consult current scope,"current V6 papers/specs, then Draft5",archive/extracted/Draft1/CLAIM_LEDGER.md
Draft1,INF-T4,Every finite-demand request is exact from its finite sufficient coordinate,C,Other/Research,Foundational/historical; consult current scope,"current V6 papers/specs, then Draft5",archive/extracted/Draft1/CLAIM_LEDGER.md
Draft1,INF-T5,Later distinction cannot be recovered from a state that merged it,P,Other/Research,Foundational/historical; consult current scope,"current V6 papers/specs, then Draft5",archive/extracted/Draft1/CLAIM_LEDGER.md
Draft1,INF-T6,Universal separating observers collapse semantic compression to injection,P,Other/Research,Foundational/historical; consult current scope,"current V6 papers/specs, then Draft5",archive/extracted/Draft1/CLAIM_LEDGER.md
Draft1,INF-T7,Refinement debt equals local fiber logarithm and is subadditive,P,Effects/Authority,Foundational/historical; consult current scope,"current V6 papers/specs, then Draft5",archive/extracted/Draft1/CLAIM_LEDGER.md
Draft1,INF-T8,Demand-tail survival identity exactly gives expected cost,P,Other/Research,Foundational/historical; consult current scope,"current V6 papers/specs, then Draft5",archive/extracted/Draft1/CLAIM_LEDGER.md
Draft1,INF-T9,Incremental proof tree recomputation is at most `1+k*h` nodes,P,Other/Research,Foundational/historical; consult current scope,"current V6 papers/specs, then Draft5",archive/extracted/Draft1/CLAIM_LEDGER.md
Draft1,INF-J1,Persistent zero-error continuation has an operational dynamic information rate,J,Harness/Decision,Foundational/historical; consult current scope,"current V6 papers/specs, then Draft5",archive/extracted/Draft1/CLAIM_LEDGER.md
Draft1,SOV-T1,Trace-preserving baseline strategy injection gives capability non-degradation,P/C,Recovery/Nondegradation,Foundational/historical; consult current scope,"current V6 papers/specs, then Draft5",archive/extracted/Draft1/CLAIM_LEDGER.md
Draft1,SOV-T2,Exact restoration makes enriched state Blackwell-at-least-as-informative,P/C,Other/Research,Foundational/historical; consult current scope,"current V6 papers/specs, then Draft5",archive/extracted/Draft1/CLAIM_LEDGER.md
Draft1,SOV-T3,Safe escalation plus dominance-simulating successor gives finite-trace nonregression,C,Recovery/Nondegradation,Foundational/historical; consult current scope,"current V6 papers/specs, then Draft5",archive/extracted/Draft1/CLAIM_LEDGER.md
Draft1,SOV-T4,Baseline reserve iff `s-u+h <= B-b`,P,Other/Research,Foundational/historical; consult current scope,"current V6 papers/specs, then Draft5",archive/extracted/Draft1/CLAIM_LEDGER.md
Draft1,SOV-T5,Preserved reasoning imposes an honest all-token compression floor,P,Other/Research,Foundational/historical; consult current scope,"current V6 papers/specs, then Draft5",archive/extracted/Draft1/CLAIM_LEDGER.md
Draft1,SOV-T6,One token is a prepared fast path iff residual ambiguity fits vocabulary,P/C,Other/Research,Foundational/historical; consult current scope,"current V6 papers/specs, then Draft5",archive/extracted/Draft1/CLAIM_LEDGER.md
Draft1,SOV-T7,Componentwise compression dividend can finance augmentation without more resources,P/C,Pareto/Accounting,Foundational/historical; consult current scope,"current V6 papers/specs, then Draft5",archive/extracted/Draft1/CLAIM_LEDGER.md
Draft1,SOV-J1,Verified capability stock can become self-financing on useful workloads,J,Pareto/Accounting,Foundational/historical; consult current scope,"current V6 papers/specs, then Draft5",archive/extracted/Draft1/CLAIM_LEDGER.md
Draft1,COMP-T1,Nested verified candidate sets yield monotone protected utility,P,Other/Research,Foundational/historical; consult current scope,"current V6 papers/specs, then Draft5",archive/extracted/Draft1/CLAIM_LEDGER.md
Draft1,COMP-T2,"Performance loss telescopes into recovery, generation, verification, selection gaps",P,Recovery/Nondegradation,Foundational/historical; consult current scope,"current V6 papers/specs, then Draft5",archive/extracted/Draft1/CLAIM_LEDGER.md
Draft1,COMP-T3,Greedy value-directed recovery gets `1-(1-1/k)^k` under monotone submodularity,P/prior art,Recovery/Nondegradation,Foundational/historical; consult current scope,"current V6 papers/specs, then Draft5",archive/extracted/Draft1/CLAIM_LEDGER.md
Draft1,COMP-T4,Equal-reward pipelines are optimally ordered by decreasing `p/c`,P,Other/Research,Foundational/historical; consult current scope,"current V6 papers/specs, then Draft5",archive/extracted/Draft1/CLAIM_LEDGER.md
Draft1,COMP-T5,Isolated memory/adaptation branch plus sound guard prevents negative transfer,C,Other/Research,Foundational/historical; consult current scope,"current V6 papers/specs, then Draft5",archive/extracted/Draft1/CLAIM_LEDGER.md
Draft1,COMP-T6,Finite verified experience gives quality-up/cost-down expected trajectory,P,Other/Research,Foundational/historical; consult current scope,"current V6 papers/specs, then Draft5",archive/extracted/Draft1/CLAIM_LEDGER.md
Draft1,COMP-T7,Finite expected capture work amortizes to zero per task,P,Pareto/Accounting,Foundational/historical; consult current scope,"current V6 papers/specs, then Draft5",archive/extracted/Draft1/CLAIM_LEDGER.md
Draft1,COMP-J1,Protected decision value is approximately submodular on useful coding tasks,J,Harness/Decision,Foundational/historical; consult current scope,"current V6 papers/specs, then Draft5",archive/extracted/Draft1/CLAIM_LEDGER.md
Draft1,COMP-J2,Verified experience capture and strict rescue occur with positive workload mass,J/E,Pareto/Accounting,Foundational/historical; consult current scope,"current V6 papers/specs, then Draft5",archive/extracted/Draft1/CLAIM_LEDGER.md
Draft1,COMP-J3,Safe transient adaptation improves generation behind the sovereign firewall,J/E,Recovery/Nondegradation,Foundational/historical; consult current scope,"current V6 papers/specs, then Draft5",archive/extracted/Draft1/CLAIM_LEDGER.md
Draft1,COMP-J4,RACC-Native authenticated state ABI enables prepared one-token model invocation,J/E,Other/Research,Optional future optimization; not core architecture,"current V6 papers/specs, then Draft5",archive/extracted/Draft1/CLAIM_LEDGER.md
Draft1,EPI-T1,Sound Safe/Unsafe/Unknown assessor plus exact fallback gives protected nonregression,C,Recovery/Nondegradation,Foundational/historical; consult current scope,"current V6 papers/specs, then Draft5",archive/extracted/Draft1/CLAIM_LEDGER.md
Draft1,EPI-T2,Nested persistent sound proof bases produce quality-nondecreasing and cost-nonincreasing deployment,P/C,Other/Research,Foundational/historical; consult current scope,"current V6 papers/specs, then Draft5",archive/extracted/Draft1/CLAIM_LEDGER.md
Draft1,EPI-T3,Complete saving equals certified task mass weighted by per-task saving,P,Other/Research,Foundational/historical; consult current scope,"current V6 papers/specs, then Draft5",archive/extracted/Draft1/CLAIM_LEDGER.md
Draft1,EPI-T4,Root- and epoch-bound authority plus atomic CAS prevents stale publication,C,Effects/Authority,Foundational/historical; consult current scope,"current V6 papers/specs, then Draft5",archive/extracted/Draft1/CLAIM_LEDGER.md
Draft1,EPI-J1,Useful proof-base growth expands certifiable safe mass faster than verification overhead,J/E,Recovery/Nondegradation,Foundational/historical; consult current scope,"current V6 papers/specs, then Draft5",archive/extracted/Draft1/CLAIM_LEDGER.md
Draft1,EPI-J2,Typed Unknown reasons improve proof-search allocation and eventual safe coverage,J/E,Recovery/Nondegradation,Foundational/historical; consult current scope,"current V6 papers/specs, then Draft5",archive/extracted/Draft1/CLAIM_LEDGER.md
Draft1,MARGIN-T1,Arbitrary representative recovery is protected-exact iff the uncertainty set lies in one decision cell,P,Harness/Decision,Foundational/historical; consult current scope,"current V6 papers/specs, then Draft5",archive/extracted/Draft1/CLAIM_LEDGER.md
Draft1,MARGIN-T2,Error strictly below protected boundary margin preserves the protected outcome; the strict bound is sharp,P,Approximation,Foundational/historical; consult current scope,"current V6 papers/specs, then Draft5",archive/extracted/Draft1/CLAIM_LEDGER.md
Draft1,MARGIN-T3,Weighted component errors below a weighted protected margin compose to protected exactness,P/C,Approximation,Foundational/historical; consult current scope,"current V6 papers/specs, then Draft5",archive/extracted/Draft1/CLAIM_LEDGER.md
Draft1,MARGIN-T4,Strictly decreasing convex communication costs admit a KKT-characterized optimal protected distortion allocation,P,Foundations/Capacity,Foundational/historical; consult current scope,"current V6 papers/specs, then Draft5",archive/extracted/Draft1/CLAIM_LEDGER.md
Draft1,MARGIN-T5,Finite exact class-reducing refinement reaches a protected-constant cell in at most outcome-count minus one proper splits,P,Effects/Authority,Foundational/historical; consult current scope,"current V6 papers/specs, then Draft5",archive/extracted/Draft1/CLAIM_LEDGER.md
Draft1,MARGIN-J1,Coding-agent protected decision cells are much larger than byte-equivalence classes,J/E,Harness/Decision,Foundational/historical; consult current scope,"current V6 papers/specs, then Draft5",archive/extracted/Draft1/CLAIM_LEDGER.md
Draft1,MARGIN-J2,Repository causal structure factorizes useful protected margins into tractable local certificates,J,Approximation,Foundational/historical; consult current scope,"current V6 papers/specs, then Draft5",archive/extracted/Draft1/CLAIM_LEDGER.md
Draft1,MARGIN-J3,Neural continuation capsules frequently fall inside certified protected margins,J/E,Harness/Decision,Foundational/historical; consult current scope,"current V6 papers/specs, then Draft5",archive/extracted/Draft1/CLAIM_LEDGER.md
Draft1,FORGE-T1,A complete causal cut makes operator execution protected-equivalent to full-project execution,C,Effects/Authority,Foundational/historical; consult current scope,"current V6 papers/specs, then Draft5",archive/extracted/Draft1/CLAIM_LEDGER.md
Draft1,FORGE-T2,Sound operators compose when the first postcondition establishes the second precondition and protected successor simulation persists,P/C,Effects/Authority,Foundational/historical; consult current scope,"current V6 papers/specs, then Draft5",archive/extracted/Draft1/CLAIM_LEDGER.md
Draft1,FORGE-T3,Deterministic strongly noninterfering project operators commute,P/C,Effects/Authority,Foundational/historical; consult current scope,"current V6 papers/specs, then Draft5",archive/extracted/Draft1/CLAIM_LEDGER.md
Draft1,FORGE-T4,"Sandbox execution, sound verification, successor proof, baseline fallback, and CAS give atomic project nonregression",C,Effects/Authority,Foundational/historical; consult current scope,"current V6 papers/specs, then Draft5",archive/extracted/Draft1/CLAIM_LEDGER.md
Draft1,FORGE-T5,One model-visible opcode selects prepared project work iff the applicable certified operator table fits the control alphabet,P/C,Pareto/Accounting,Foundational/historical; consult current scope,"current V6 papers/specs, then Draft5",archive/extracted/Draft1/CLAIM_LEDGER.md
Draft1,FORGE-T6,"Max-per-task verified operator benefit is monotone submodular, enabling the classical greedy guarantee",P/prior art,Effects/Authority,Foundational/historical; consult current scope,"current V6 papers/specs, then Draft5",archive/extracted/Draft1/CLAIM_LEDGER.md
Draft1,FORGE-J1,Repeated coding episodes can be compiled into valid reusable project operators at positive rate,J/E,Effects/Authority,Foundational/historical; consult current scope,"current V6 papers/specs, then Draft5",archive/extracted/Draft1/CLAIM_LEDGER.md
Draft1,FORGE-J2,Operator-first execution improves coding-agent success under the Sovereign baseline firewall,J/E,Effects/Authority,Foundational/historical; consult current scope,"current V6 papers/specs, then Draft5",archive/extracted/Draft1/CLAIM_LEDGER.md
Draft1,FORGE-J3,Request-local applicable operator alphabets remain bounded on mature projects,J/E,Effects/Authority,Foundational/historical; consult current scope,"current V6 papers/specs, then Draft5",archive/extracted/Draft1/CLAIM_LEDGER.md
Draft1,CAPITAL-T1,Two-state capture/drift dynamics have the stated closed-form equilibrium and convergence law,P,Other/Research,Foundational/historical; consult current scope,"current V6 papers/specs, then Draft5",archive/extracted/Draft1/CLAIM_LEDGER.md
Draft1,CAPITAL-T2,"At equilibrium, guarded valid assets weakly improve protected quality and reduce recurring service cost under classwise premises",P/C,Other/Research,Foundational/historical; consult current scope,"current V6 papers/specs, then Draft5",archive/extracted/Draft1/CLAIM_LEDGER.md
Draft1,CAPITAL-T3,"Complete capability overhead must charge maintenance and every capture attempt, including failures",P/C,Recovery/Nondegradation,Foundational/historical; consult current scope,"current V6 papers/specs, then Draft5",archive/extracted/Draft1/CLAIM_LEDGER.md
Draft1,CAPITAL-T4,A verified asset has the stated discounted lifetime value and exact break-even threshold,P,Pareto/Accounting,Foundational/historical; consult current scope,"current V6 papers/specs, then Draft5",archive/extracted/Draft1/CLAIM_LEDGER.md
Draft1,CAPITAL-T5,Fresh-only execution with Invalid/Unknown fallback prevents protected regression under drift,C,Recovery/Nondegradation,Foundational/historical; consult current scope,"current V6 papers/specs, then Draft5",archive/extracted/Draft1/CLAIM_LEDGER.md
Draft1,CAPITAL-J1,A useful capability portfolio has reproduction value above invalidation and maintenance burden,J/E,Cache/Q99,Foundational/historical; consult current scope,"current V6 papers/specs, then Draft5",archive/extracted/Draft1/CLAIM_LEDGER.md
Draft1,CAPITAL-J2,Hazard-aware retention dominates recency-based capability eviction,J/E,Cache/Q99,Foundational/historical; consult current scope,"current V6 papers/specs, then Draft5",archive/extracted/Draft1/CLAIM_LEDGER.md
Draft1,CAPITAL-J3,Targeted revalidation can stabilize or raise long-run valid capability coverage under realistic drift,J/E,Recovery/Nondegradation,Foundational/historical; consult current scope,"current V6 papers/specs, then Draft5",archive/extracted/Draft1/CLAIM_LEDGER.md
Draft2,L1,Protected future equivalence is a right congruence and its quotient is the minimal exact continuation machine for the declared scope.,P,Harness/Decision,Canonical consolidation lineage; architecture partially superseded by harness correction,"current V6 papers/specs, then Draft5",archive/extracted/Draft2/CLAIM_LEDGER_DRAFT2.md
Draft2,L2,"After conditioning on recovered state, the product of informative channel capacities must cover all residual protected classes.",P,Other/Research,Canonical consolidation lineage; architecture partially superseded by harness correction,"current V6 papers/specs, then Draft5",archive/extracted/Draft2/CLAIM_LEDGER_DRAFT2.md
Draft2,L3,Sound Safe/Unsafe/Unknown assessment plus exact fallback is protected-nonregressive.,P/C,Recovery/Nondegradation,Canonical consolidation lineage; architecture partially superseded by harness correction,"current V6 papers/specs, then Draft5",archive/extracted/Draft2/CLAIM_LEDGER_DRAFT2.md
Draft2,L4,A task-relative view is exact when the protected result factors through it and omitted state remains recoverable.,C,Other/Research,Canonical consolidation lineage; architecture partially superseded by harness correction,"current V6 papers/specs, then Draft5",archive/extracted/Draft2/CLAIM_LEDGER_DRAFT2.md
Draft2,L5,A trace-preserving injection of every baseline strategy into the optimized runtime prevents capability loss; guarded selection prevents deployed regression.,P/C,Recovery/Nondegradation,Canonical consolidation lineage; architecture partially superseded by harness correction,"current V6 papers/specs, then Draft5",archive/extracted/Draft2/CLAIM_LEDGER_DRAFT2.md
Draft2,L6,Approximate recovery is protected-exact iff its uncertainty envelope lies in one decision cell; metric error strictly below a certified boundary margin is sufficient.,P/C,Harness/Decision,Canonical consolidation lineage; architecture partially superseded by harness correction,"current V6 papers/specs, then Draft5",archive/extracted/Draft2/CLAIM_LEDGER_DRAFT2.md
Draft2,L7,"Certified abstract transitions, sandbox isolation, exact deltas, successor checks, and live-root CAS refine the abstract RACC machine.",P/C,Effects/Authority,Canonical consolidation lineage; architecture partially superseded by harness correction,"current V6 papers/specs, then Draft5",archive/extracted/Draft2/CLAIM_LEDGER_DRAFT2.md
Draft2,L8,"Protected nonregression plus complete resource accounting and valid asset lifecycle determine whether efficiency and capability claims survive preparation, failure, verification, and drift.",P/C/E,Pareto/Accounting,Canonical consolidation lineage; architecture partially superseded by harness correction,"current V6 papers/specs, then Draft5",archive/extracted/Draft2/CLAIM_LEDGER_DRAFT2.md
Draft2,F1,"Complete-work savings converge to 100% iff amortized preparation, prepared-path burden, and novelty/fallback burden all vanish relative to baseline. Certified redundant-gap closure reaches 100% iff optimized work reaches the certified lower bound.",P,Pareto/Accounting,Canonical consolidation lineage; architecture partially superseded by harness correction,"current V6 papers/specs, then Draft5",archive/extracted/Draft2/CLAIM_LEDGER_DRAFT2.md
Draft2,F2,"Simultaneous token, byte, latency, compute, storage, and verification targets are feasible exactly when their hit-rate intervals (or general mode polytope) intersect.",P,Other/Research,Canonical consolidation lineage; architecture partially superseded by harness correction,"current V6 papers/specs, then Draft5",archive/extracted/Draft2/CLAIM_LEDGER_DRAFT2.md
Draft2,F3,"Under a declared acyclic constructor graph, a known/cache set is sufficient iff every required protected output belongs to its least executable closure.",P/C,Cache/Q99,Canonical consolidation lineage; architecture partially superseded by harness correction,"current V6 papers/specs, then Draft5",archive/extracted/Draft2/CLAIM_LEDGER_DRAFT2.md
Draft3,D3-C1,Protected Decision-View Minimality,Proved in stated model,Harness/Decision,Retained/strengthened by Draft5/V6,"current V6 papers/specs, then Draft5",archive/extracted/Draft3/THEOREM_LEDGER_DRAFT3.md
Draft3,D3-C2,Harness Decision-Boundary Compression,Conditional theorem,Harness/Decision,Retained/strengthened by Draft5/V6,"current V6 papers/specs, then Draft5",archive/extracted/Draft3/THEOREM_LEDGER_DRAFT3.md
Draft3,D3-C3,Adaptive Decision-Round Lower Bound,Proved in stated model,Harness/Decision,Retained/strengthened by Draft5/V6,"current V6 papers/specs, then Draft5",archive/extracted/Draft3/THEOREM_LEDGER_DRAFT3.md
Draft3,D3-C4,One-/Two-Call Normal Form,Corollary,Harness/Decision,Retained/strengthened by Draft5/V6,"current V6 papers/specs, then Draft5",archive/extracted/Draft3/THEOREM_LEDGER_DRAFT3.md
Draft3,D3-C5,Harness Interface Saving Identity,Proved / accounting,Harness/Decision,Retained/strengthened by Draft5/V6,"current V6 papers/specs, then Draft5",archive/extracted/Draft3/THEOREM_LEDGER_DRAFT3.md
Draft3,D3-C6,Orthogonal Interface-Compression Composition,Proved / conditional,Other/Research,Retained/strengthened by Draft5/V6,"current V6 papers/specs, then Draft5",archive/extracted/Draft3/THEOREM_LEDGER_DRAFT3.md
Draft3,D3-C7,Harness Capability-Superset,Conditional theorem,Harness/Decision,Retained/strengthened by Draft5/V6,"current V6 papers/specs, then Draft5",archive/extracted/Draft3/THEOREM_LEDGER_DRAFT3.md
Draft3,D3-C8,Self-Financing Strict Rescue,Conditional theorem,Other/Research,Retained/strengthened by Draft5/V6,"current V6 papers/specs, then Draft5",archive/extracted/Draft3/THEOREM_LEDGER_DRAFT3.md
Draft3,D3-C9,Frontier Closure,Proved in stated model,Pareto/Accounting,Retained/strengthened by Draft5/V6,"current V6 papers/specs, then Draft5",archive/extracted/Draft3/THEOREM_LEDGER_DRAFT3.md
Draft3,D3-C10,Certified Redundant-Gap Closure,Proved / accounting,Pareto/Accounting,Retained/strengthened by Draft5/V6,"current V6 papers/specs, then Draft5",archive/extracted/Draft3/THEOREM_LEDGER_DRAFT3.md
Draft3,D3-H1,Transport Invariance,Conditional theorem,Harness/Decision,Retained/strengthened by Draft5/V6,"current V6 papers/specs, then Draft5",archive/extracted/Draft3/THEOREM_LEDGER_DRAFT3.md
Draft3,D3-H2,Snap-to-Edit,Conditional theorem,Harness/Decision,Retained/strengthened by Draft5/V6,"current V6 papers/specs, then Draft5",archive/extracted/Draft3/THEOREM_LEDGER_DRAFT3.md
Draft3,D3-H3,Private Composition,Conditional theorem,Harness/Decision,Retained/strengthened by Draft5/V6,"current V6 papers/specs, then Draft5",archive/extracted/Draft3/THEOREM_LEDGER_DRAFT3.md
Draft3,D3-H4,Stateful Composition Dominance,Proved / accounting,Other/Research,Retained/strengthened by Draft5/V6,"current V6 papers/specs, then Draft5",archive/extracted/Draft3/THEOREM_LEDGER_DRAFT3.md
Draft3,D3-H5,Verified Harness Capability Compounding,Proved under monotone fresh assets,Harness/Decision,Retained/strengthened by Draft5/V6,"current V6 papers/specs, then Draft5",archive/extracted/Draft3/THEOREM_LEDGER_DRAFT3.md
Draft3,D3-Q1,Provider-Controlled Residency Transposition / Finite-TTL Identity,Proved in stated model,Cache/Q99,Supplementary stochastic model; not universal authority,"current V6 papers/specs, then Draft5",archive/extracted/Draft3/THEOREM_LEDGER_DRAFT3.md
Draft3,D3-Q2,Poisson Durable-Hit Advantage,Proved in stochastic model,Other/Research,Supplementary stochastic model; not universal authority,"current V6 papers/specs, then Draft5",archive/extracted/Draft3/THEOREM_LEDGER_DRAFT3.md
Draft3,D3-Q3,Sparse-Delta Q99,Proved / accounting,Cache/Q99,Retained/strengthened by Draft5/V6,"current V6 papers/specs, then Draft5",archive/extracted/Draft3/THEOREM_LEDGER_DRAFT3.md
Draft3,D3-Q4,Provider-Miss Insulation,Proved / accounting,Cache/Q99,Retained/strengthened by Draft5/V6,"current V6 papers/specs, then Draft5",archive/extracted/Draft3/THEOREM_LEDGER_DRAFT3.md
Draft3,D3-Q5,Exact Q99 Hit-Rate Threshold,Proved / accounting,Cache/Q99,Retained/strengthened by Draft5/V6,"current V6 papers/specs, then Draft5",archive/extracted/Draft3/THEOREM_LEDGER_DRAFT3.md
Draft3,D3-P1,Harness Nondegradation,Conditional theorem,Harness/Decision,Retained/strengthened by Draft5/V6,"current V6 papers/specs, then Draft5",archive/extracted/Draft3/THEOREM_LEDGER_DRAFT3.md
Draft3,D3-P2,Strict Protected Pareto Break,Proved from nondegradation and resource premises,Pareto/Accounting,Retained/strengthened by Draft5/V6,"current V6 papers/specs, then Draft5",archive/extracted/Draft3/THEOREM_LEDGER_DRAFT3.md
Draft3,D3-P3,Evidence-Superset Capability,Conditional theorem,Recovery/Nondegradation,Retained/strengthened by Draft5/V6,"current V6 papers/specs, then Draft5",archive/extracted/Draft3/THEOREM_LEDGER_DRAFT3.md
Draft3,D3-P4,Compression-Dividend Reinvestment,Proved / conditional,Pareto/Accounting,Retained/strengthened by Draft5/V6,"current V6 papers/specs, then Draft5",archive/extracted/Draft3/THEOREM_LEDGER_DRAFT3.md
Draft3,D3-P5,Certified Redundant-Work Closure,Proved / accounting,Pareto/Accounting,Retained/strengthened by Draft5/V6,"current V6 papers/specs, then Draft5",archive/extracted/Draft3/THEOREM_LEDGER_DRAFT3.md
Draft3,D3-E1,Broad coding tasks have low adaptive decision depth,Empirical conjecture,Harness/Decision,Retained/strengthened by Draft5/V6,"current V6 papers/specs, then Draft5",archive/extracted/Draft3/THEOREM_LEDGER_DRAFT3.md
Draft3,D3-E2,Relevant invalidated mass is usually below 1%,Empirical conjecture,Other/Research,Retained/strengthened by Draft5/V6,"current V6 papers/specs, then Draft5",archive/extracted/Draft3/THEOREM_LEDGER_DRAFT3.md
Draft3,D3-E3,Compact decision views preserve or improve quality,Empirical conjecture,Harness/Decision,Retained/strengthened by Draft5/V6,"current V6 papers/specs, then Draft5",archive/extracted/Draft3/THEOREM_LEDGER_DRAFT3.md
Draft3,D3-E4,Complete-work Q99 is attainable on mature recurring work,Empirical target,Cache/Q99,Retained/strengthened by Draft5/V6,"current V6 papers/specs, then Draft5",archive/extracted/Draft3/THEOREM_LEDGER_DRAFT3.md
Draft5,D5-C01,Protected Decision-View Minimality,Proved in finite stated model,Harness/Decision,Current detailed predecessor; retained unless V6 narrows/extends,"current V6 papers/specs, then Draft5",archive/extracted/Draft5/claims/CLAIM_LEDGER_DRAFT5.md
Draft5,D5-C02,Harness Decision-Boundary Compression,Conditional theorem,Harness/Decision,Current detailed predecessor; retained unless V6 narrows/extends,"current V6 papers/specs, then Draft5",archive/extracted/Draft5/claims/CLAIM_LEDGER_DRAFT5.md
Draft5,D5-C03,Mechanical Critical-Path Compression,Conditional theorem,Other/Research,Current detailed predecessor; retained unless V6 narrows/extends,"current V6 papers/specs, then Draft5",archive/extracted/Draft5/claims/CLAIM_LEDGER_DRAFT5.md
Draft5,D5-C04,Adaptive Decision-Round Lower Bound,Proved in finite communication model,Harness/Decision,Current detailed predecessor; retained unless V6 narrows/extends,"current V6 papers/specs, then Draft5",archive/extracted/Draft5/claims/CLAIM_LEDGER_DRAFT5.md
Draft5,D5-C05,One-/Two-Call Normal Form,Proved in stated model,Harness/Decision,Current detailed predecessor; retained unless V6 narrows/extends,"current V6 papers/specs, then Draft5",archive/extracted/Draft5/claims/CLAIM_LEDGER_DRAFT5.md
Draft5,D5-C06,Boundary-Q99 Threshold,Proved arithmetic,Cache/Q99,Current detailed predecessor; retained unless V6 narrows/extends,"current V6 papers/specs, then Draft5",archive/extracted/Draft5/claims/CLAIM_LEDGER_DRAFT5.md
Draft5,D5-C07,Stable-Reference Recovery,Conditional theorem,Recovery/Nondegradation,Current detailed predecessor; retained unless V6 narrows/extends,"current V6 papers/specs, then Draft5",archive/extracted/Draft5/claims/CLAIM_LEDGER_DRAFT5.md
Draft5,D5-C08,Harness Capability Superset,Conditional theorem,Harness/Decision,Current detailed predecessor; retained unless V6 narrows/extends,"current V6 papers/specs, then Draft5",archive/extracted/Draft5/claims/CLAIM_LEDGER_DRAFT5.md
Draft5,D5-C09,Finite Signature-Quotient Synthesis,Proved in finite stated model,Foundations/Capacity,Current detailed predecessor; retained unless V6 narrows/extends,"current V6 papers/specs, then Draft5",archive/extracted/Draft5/claims/CLAIM_LEDGER_DRAFT5.md
Draft5,D5-C10,Decision-View Certificate Soundness,Conditional theorem,Harness/Decision,Current detailed predecessor; retained unless V6 narrows/extends,"current V6 papers/specs, then Draft5",archive/extracted/Draft5/claims/CLAIM_LEDGER_DRAFT5.md
Draft5,D5-C11,Stable-View Sufficiency,Proved in stated model,Other/Research,Current detailed predecessor; retained unless V6 narrows/extends,"current V6 papers/specs, then Draft5",archive/extracted/Draft5/claims/CLAIM_LEDGER_DRAFT5.md
Draft5,D5-C12,Monotonicity under exact refinement,Proved,Effects/Authority,Current detailed predecessor; retained unless V6 narrows/extends,"current V6 papers/specs, then Draft5",archive/extracted/Draft5/claims/CLAIM_LEDGER_DRAFT5.md
Draft5,D5-H01,Harness-Transport Factorization,Conditional theorem,Harness/Decision,Current detailed predecessor; retained unless V6 narrows/extends,"current V6 papers/specs, then Draft5",archive/extracted/Draft5/claims/CLAIM_LEDGER_DRAFT5.md
Draft5,D5-H02,Cross-Harness Semantic Cache Reuse,Conditional theorem,Cache/Q99,Current detailed predecessor; retained unless V6 narrows/extends,"current V6 papers/specs, then Draft5",archive/extracted/Draft5/claims/CLAIM_LEDGER_DRAFT5.md
Draft5,D5-H03,Decision-Preserving Private Composition,Conditional theorem,Harness/Decision,Current detailed predecessor; retained unless V6 narrows/extends,"current V6 papers/specs, then Draft5",archive/extracted/Draft5/claims/CLAIM_LEDGER_DRAFT5.md
Draft5,D5-H04,Atomic No-Partial-Authority,Conditional theorem,Effects/Authority,Current detailed predecessor; retained unless V6 narrows/extends,"current V6 papers/specs, then Draft5",archive/extracted/Draft5/claims/CLAIM_LEDGER_DRAFT5.md
Draft5,D5-H05,Contingent-Policy Call Compression,Conditional theorem,Harness/Decision,Current detailed predecessor; retained unless V6 narrows/extends,"current V6 papers/specs, then Draft5",archive/extracted/Draft5/claims/CLAIM_LEDGER_DRAFT5.md
Draft5,D5-Q01,Retrospective Rewrite Cache-Break Characterization,Proved,Cache/Q99,Retained; exact corrected form remains current,"current V6 papers/specs, then Draft5",archive/extracted/Draft5/claims/CLAIM_LEDGER_DRAFT5.md
Draft5,D5-Q02,Cache-Compaction Crossover,Proved,Cache/Q99,Current detailed predecessor; retained unless V6 narrows/extends,"current V6 papers/specs, then Draft5",archive/extracted/Draft5/claims/CLAIM_LEDGER_DRAFT5.md
Draft5,D5-Q03,Horizon-Aware Rewrite Break-Even,Proved,Cache/Q99,Current detailed predecessor; retained unless V6 narrows/extends,"current V6 papers/specs, then Draft5",archive/extracted/Draft5/claims/CLAIM_LEDGER_DRAFT5.md
Draft5,D5-Q04,First-Emission Prefix Immunity,Proved,Cache/Q99,Current detailed predecessor; retained unless V6 narrows/extends,"current V6 papers/specs, then Draft5",archive/extracted/Draft5/claims/CLAIM_LEDGER_DRAFT5.md
Draft5,D5-Q05,Zero Self-Induced Historical Rewrite Cost,Proved under append-only premise,Cache/Q99,Current detailed predecessor; retained unless V6 narrows/extends,"current V6 papers/specs, then Draft5",archive/extracted/Draft5/claims/CLAIM_LEDGER_DRAFT5.md
Draft5,D5-Q06,Stable-Capsule Admission,Proved in cost model,Other/Research,Current detailed predecessor; retained unless V6 narrows/extends,"current V6 papers/specs, then Draft5",archive/extracted/Draft5/claims/CLAIM_LEDGER_DRAFT5.md
Draft5,D5-Q07,Two-Plane Cache Factorization,Proved in stated cost model,Cache/Q99,Current detailed predecessor; retained unless V6 narrows/extends,"current V6 papers/specs, then Draft5",archive/extracted/Draft5/claims/CLAIM_LEDGER_DRAFT5.md
Draft5,D5-Q08,Provider-Miss Insulation,Proved in stated cost model,Cache/Q99,Current detailed predecessor; retained unless V6 narrows/extends,"current V6 papers/specs, then Draft5",archive/extracted/Draft5/claims/CLAIM_LEDGER_DRAFT5.md
Draft5,D5-Q09,Provider-Controlled Residency Transposition,Conditional theorem,Cache/Q99,Current detailed predecessor; retained unless V6 narrows/extends,"current V6 papers/specs, then Draft5",archive/extracted/Draft5/claims/CLAIM_LEDGER_DRAFT5.md
Draft5,D5-Q10,Causal Cache Soundness,Conditional theorem,Cache/Q99,Current detailed predecessor; retained unless V6 narrows/extends,"current V6 papers/specs, then Draft5",archive/extracted/Draft5/claims/CLAIM_LEDGER_DRAFT5.md
Draft5,D5-Q11,Dependency-Complete Invalidation,Conditional theorem,Cache/Q99,Current detailed predecessor; retained unless V6 narrows/extends,"current V6 papers/specs, then Draft5",archive/extracted/Draft5/claims/CLAIM_LEDGER_DRAFT5.md
Draft5,D5-Q12,Equality-Boundary Early Cutoff,Conditional theorem,Other/Research,Current detailed predecessor; retained unless V6 narrows/extends,"current V6 papers/specs, then Draft5",archive/extracted/Draft5/claims/CLAIM_LEDGER_DRAFT5.md
Draft5,D5-Q13,Tree-Optimal Causal Materialization,Proved for finite trees,Cache/Q99,Current detailed predecessor; retained unless V6 narrows/extends,"current V6 papers/specs, then Draft5",archive/extracted/Draft5/claims/CLAIM_LEDGER_DRAFT5.md
Draft5,D5-Q14,Capacity-Constrained Frontier Hardness,Proved by knapsack reduction,Pareto/Accounting,Current detailed predecessor; retained unless V6 narrows/extends,"current V6 papers/specs, then Draft5",archive/extracted/Draft5/claims/CLAIM_LEDGER_DRAFT5.md
Draft5,D5-Q15,Optimization/authority separation,Proved consequence,Other/Research,Current detailed predecessor; retained unless V6 narrows/extends,"current V6 papers/specs, then Draft5",archive/extracted/Draft5/claims/CLAIM_LEDGER_DRAFT5.md
Draft5,D5-Q16,Weighted Causal Q99,Proved identity,Cache/Q99,Current detailed predecessor; retained unless V6 narrows/extends,"current V6 papers/specs, then Draft5",archive/extracted/Draft5/claims/CLAIM_LEDGER_DRAFT5.md
Draft5,D5-Q17,Adversarial Q99 Impossibility,Proved lower bound,Cache/Q99,Current detailed predecessor; retained unless V6 narrows/extends,"current V6 papers/specs, then Draft5",archive/extracted/Draft5/claims/CLAIM_LEDGER_DRAFT5.md
Draft5,D5-Q18,Q99 Restoration Threshold,Proved,Cache/Q99,Current detailed predecessor; retained unless V6 narrows/extends,"current V6 papers/specs, then Draft5",archive/extracted/Draft5/claims/CLAIM_LEDGER_DRAFT5.md
Draft5,D5-Q19,Causal Hazard Bound,Proved union bound,Cache/Q99,Current detailed predecessor; retained unless V6 narrows/extends,"current V6 papers/specs, then Draft5",archive/extracted/Draft5/claims/CLAIM_LEDGER_DRAFT5.md
Draft5,D5-Q20,Branch Convergence Reuse,Conditional theorem,Cache/Q99,Current detailed predecessor; retained unless V6 narrows/extends,"current V6 papers/specs, then Draft5",archive/extracted/Draft5/claims/CLAIM_LEDGER_DRAFT5.md
Draft5,D5-Q21,Zero-Failure Q99 Sample Bound,Proved under independent Bernoulli model,Cache/Q99,Current detailed predecessor; retained unless V6 narrows/extends,"current V6 papers/specs, then Draft5",archive/extracted/Draft5/claims/CLAIM_LEDGER_DRAFT5.md
Draft5,D5-Q22,Expected Prefix-Survival Ordering,Proved under independent volatility and commutative blocks,Cache/Q99,Current detailed predecessor; retained unless V6 narrows/extends,"current V6 papers/specs, then Draft5",archive/extracted/Draft5/claims/CLAIM_LEDGER_DRAFT5.md
Draft5,D5-Q23,Rendering Fragmentation Penalty,Proved,Cache/Q99,Current detailed predecessor; retained unless V6 narrows/extends,"current V6 papers/specs, then Draft5",archive/extracted/Draft5/claims/CLAIM_LEDGER_DRAFT5.md
Draft5,D5-Q24,Uniform fragmentation,Proved,Cache/Q99,Current detailed predecessor; retained unless V6 narrows/extends,"current V6 papers/specs, then Draft5",archive/extracted/Draft5/claims/CLAIM_LEDGER_DRAFT5.md
Draft5,D5-Q25,Finite Dependency-Refinement Convergence,Conditional theorem,Effects/Authority,Current detailed predecessor; retained unless V6 narrows/extends,"current V6 papers/specs, then Draft5",archive/extracted/Draft5/claims/CLAIM_LEDGER_DRAFT5.md
Draft5,D5-Q26,Lease-Revocation Safety,Conditional theorem,Effects/Authority,Current detailed predecessor; retained unless V6 narrows/extends,"current V6 papers/specs, then Draft5",archive/extracted/Draft5/claims/CLAIM_LEDGER_DRAFT5.md
Draft5,D5-P01,Same-Harness Capability Superset,Conditional theorem,Harness/Decision,Current detailed predecessor; retained unless V6 narrows/extends,"current V6 papers/specs, then Draft5",archive/extracted/Draft5/claims/CLAIM_LEDGER_DRAFT5.md
Draft5,D5-P02,Campaign Break-Even,Proved,Pareto/Accounting,Current detailed predecessor; retained unless V6 narrows/extends,"current V6 papers/specs, then Draft5",archive/extracted/Draft5/claims/CLAIM_LEDGER_DRAFT5.md
Draft5,D5-P03,Orthogonal Compression Composition,Proved under nonoverlapping-factor premise,Other/Research,Current detailed predecessor; retained unless V6 narrows/extends,"current V6 papers/specs, then Draft5",archive/extracted/Draft5/claims/CLAIM_LEDGER_DRAFT5.md
Draft5,D5-P04,Multi-Resource Pareto Feasibility,Proved,Pareto/Accounting,Current detailed predecessor; retained unless V6 narrows/extends,"current V6 papers/specs, then Draft5",archive/extracted/Draft5/claims/CLAIM_LEDGER_DRAFT5.md
Draft5,D5-P05,Robust Pareto Certificate,Conditional theorem,Pareto/Accounting,Current detailed predecessor; retained unless V6 narrows/extends,"current V6 papers/specs, then Draft5",archive/extracted/Draft5/claims/CLAIM_LEDGER_DRAFT5.md
Draft5,D5-P06,Frontier Closure,Proved,Pareto/Accounting,Current detailed predecessor; retained unless V6 narrows/extends,"current V6 papers/specs, then Draft5",archive/extracted/Draft5/claims/CLAIM_LEDGER_DRAFT5.md
Draft5,D5-P07,Reasoning and Effect Floor,Proved,Other/Research,Current detailed predecessor; retained unless V6 narrows/extends,"current V6 papers/specs, then Draft5",archive/extracted/Draft5/claims/CLAIM_LEDGER_DRAFT5.md
Draft5,D5-P08,Disjoint Lower-Bound Composition,Proved under disjoint charging,Other/Research,Current detailed predecessor; retained unless V6 narrows/extends,"current V6 papers/specs, then Draft5",archive/extracted/Draft5/claims/CLAIM_LEDGER_DRAFT5.md
Draft5,D5-P09,Certified Redundant-Gap Closure,Proved,Pareto/Accounting,Current detailed predecessor; retained unless V6 narrows/extends,"current V6 papers/specs, then Draft5",archive/extracted/Draft5/claims/CLAIM_LEDGER_DRAFT5.md
Draft5,D5-P10,Baseline-Reserve Feasibility,Conditional theorem,Other/Research,Current detailed predecessor; retained unless V6 narrows/extends,"current V6 papers/specs, then Draft5",archive/extracted/Draft5/claims/CLAIM_LEDGER_DRAFT5.md
Draft5,D5-P11,Compression-Dividend Reinvestment,Conditional theorem,Pareto/Accounting,Current detailed predecessor; retained unless V6 narrows/extends,"current V6 papers/specs, then Draft5",archive/extracted/Draft5/claims/CLAIM_LEDGER_DRAFT5.md
Draft5,D5-P12,Capability-Asset Lifetime Value,Proved in geometric-hazard model,Pareto/Accounting,Current detailed predecessor; retained unless V6 narrows/extends,"current V6 papers/specs, then Draft5",archive/extracted/Draft5/claims/CLAIM_LEDGER_DRAFT5.md
Draft5,D5-R01,One-/two-call coverage on common coding tasks,Empirical,Harness/Decision,Current detailed predecessor; retained unless V6 narrows/extends,"current V6 papers/specs, then Draft5",archive/extracted/Draft5/claims/CLAIM_LEDGER_DRAFT5.md
Draft5,D5-R02,Windowed indexed Q99 on mature repositories,Empirical,Cache/Q99,Current detailed predecessor; retained unless V6 narrows/extends,"current V6 papers/specs, then Draft5",archive/extracted/Draft5/claims/CLAIM_LEDGER_DRAFT5.md
Draft5,D5-R03,Provider-miss insulation,Empirical,Cache/Q99,Current detailed predecessor; retained unless V6 narrows/extends,"current V6 papers/specs, then Draft5",archive/extracted/Draft5/claims/CLAIM_LEDGER_DRAFT5.md
Draft5,D5-R04,Dependency completeness in registered domains,Conditional systems premise,Other/Research,Current detailed predecessor; retained unless V6 narrows/extends,"current V6 papers/specs, then Draft5",archive/extracted/Draft5/claims/CLAIM_LEDGER_DRAFT5.md
Draft5,D5-R05,Zero protected regression in evaluated scope,Empirical/statistical,Other/Research,Current detailed predecessor; retained unless V6 narrows/extends,"current V6 papers/specs, then Draft5",archive/extracted/Draft5/claims/CLAIM_LEDGER_DRAFT5.md
Draft5,D5-R06,Positive strict-rescue rate,Empirical/statistical,Other/Research,Current detailed predecessor; retained unless V6 narrows/extends,"current V6 papers/specs, then Draft5",archive/extracted/Draft5/claims/CLAIM_LEDGER_DRAFT5.md
Draft5,D5-R07,Boundary-Q99 model-visible interface reduction,Empirical,Cache/Q99,Current detailed predecessor; retained unless V6 narrows/extends,"current V6 papers/specs, then Draft5",archive/extracted/Draft5/claims/CLAIM_LEDGER_DRAFT5.md
Draft5,D5-R08,Complete-work Q99,Empirical,Cache/Q99,Current detailed predecessor; retained unless V6 narrows/extends,"current V6 papers/specs, then Draft5",archive/extracted/Draft5/claims/CLAIM_LEDGER_DRAFT5.md
Draft5,D5-R09,Positive capability-asset lifetime value,Empirical,Pareto/Accounting,Current detailed predecessor; retained unless V6 narrows/extends,"current V6 papers/specs, then Draft5",archive/extracted/Draft5/claims/CLAIM_LEDGER_DRAFT5.md
Draft5,D5-R10,Historical novelty of complete composition,Unresolved,Other/Research,Current detailed predecessor; retained unless V6 narrows/extends,"current V6 papers/specs, then Draft5",archive/extracted/Draft5/claims/CLAIM_LEDGER_DRAFT5.md
Draft4,D4-00-3_3,Protected Decision-View Minimality,Historical theorem/corollary,Harness/Decision,Historical auxiliary result; retained when compatible,"current V6 papers/specs, then Draft5",archive/draft4/00_RACC_Core_Draft4.pdf
Draft4,D4-00-4_1,Harness Decision-Boundary Compression,Historical theorem/corollary,Harness/Decision,Historical auxiliary result; retained when compatible,"current V6 papers/specs, then Draft5",archive/draft4/00_RACC_Core_Draft4.pdf
Draft4,D4-00-4_2,Tool-call compression,Historical theorem/corollary,Harness/Decision,Historical auxiliary result; retained when compatible,"current V6 papers/specs, then Draft5",archive/draft4/00_RACC_Core_Draft4.pdf
Draft4,D4-00-5_1,Adaptive Decision-Round Lower Bound,Historical theorem/corollary,Harness/Decision,Historical auxiliary result; retained when compatible,"current V6 papers/specs, then Draft5",archive/draft4/00_RACC_Core_Draft4.pdf
Draft4,D4-00-5_2,One-/Two-Call Normal Form,Historical theorem/corollary,Harness/Decision,Historical auxiliary result; retained when compatible,"current V6 papers/specs, then Draft5",archive/draft4/00_RACC_Core_Draft4.pdf
Draft4,D4-00-6_1,Snap-to-Edit Sufficiency,Historical theorem/corollary,Harness/Decision,Historical auxiliary result; retained when compatible,"current V6 papers/specs, then Draft5",archive/draft4/00_RACC_Core_Draft4.pdf
Draft4,D4-00-7_1,Stable-Reference Recovery,Historical theorem/corollary,Recovery/Nondegradation,Historical auxiliary result; retained when compatible,"current V6 papers/specs, then Draft5",archive/draft4/00_RACC_Core_Draft4.pdf
Draft4,D4-00-8_1,Cache-Stable Interaction,Historical theorem/corollary,Cache/Q99,Historical auxiliary result; retained when compatible,"current V6 papers/specs, then Draft5",archive/draft4/00_RACC_Core_Draft4.pdf
Draft4,D4-00-10_1,Harness Capability Superset,Historical theorem/corollary,Harness/Decision,Historical auxiliary result; retained when compatible,"current V6 papers/specs, then Draft5",archive/draft4/00_RACC_Core_Draft4.pdf
Draft4,D4-00-10_2,Guarded Publication Nonregression,Historical theorem/corollary,Recovery/Nondegradation,Historical auxiliary result; retained when compatible,"current V6 papers/specs, then Draft5",archive/draft4/00_RACC_Core_Draft4.pdf
Draft4,D4-00-12_1,Irreducible Decision Floor,Historical theorem/corollary,Harness/Decision,Historical auxiliary result; retained when compatible,"current V6 papers/specs, then Draft5",archive/draft4/00_RACC_Core_Draft4.pdf
Draft4,D4-01-1_2,Transport Invariance,Historical theorem/corollary,Harness/Decision,Historical auxiliary result; retained when compatible,"current V6 papers/specs, then Draft5",archive/draft4/01_RACC_Harness_Draft4.pdf
Draft4,D4-01-3_1,No-Mutation Failure,Historical theorem/corollary,Other/Research,Historical auxiliary result; retained when compatible,"current V6 papers/specs, then Draft5",archive/draft4/01_RACC_Harness_Draft4.pdf
Draft4,D4-01-4_2,Private Composition Preservation,Historical theorem/corollary,Harness/Decision,Historical auxiliary result; retained when compatible,"current V6 papers/specs, then Draft5",archive/draft4/01_RACC_Harness_Draft4.pdf
Draft4,D4-01-5_1,Continuation Sufficiency,Historical theorem/corollary,Harness/Decision,Historical auxiliary result; retained when compatible,"current V6 papers/specs, then Draft5",archive/draft4/01_RACC_Harness_Draft4.pdf
Draft4,D4-01-7_1,Explanation Evidence Preservation,Historical theorem/corollary,Harness/Decision,Historical auxiliary result; retained when compatible,"current V6 papers/specs, then Draft5",archive/draft4/01_RACC_Harness_Draft4.pdf
Draft4,D4-01-8_1,Decision-Delimited Refactor,Historical theorem/corollary,Harness/Decision,Historical auxiliary result; retained when compatible,"current V6 papers/specs, then Draft5",archive/draft4/01_RACC_Harness_Draft4.pdf
Draft4,D4-01-9_2,Port Nonregression under Complete Observational Coverage,Historical theorem/corollary,Harness/Decision,Historical auxiliary result; retained when compatible,"current V6 papers/specs, then Draft5",archive/draft4/01_RACC_Harness_Draft4.pdf
Draft4,D4-01-10_1,Greenfield Strategy Preservation,Historical theorem/corollary,Harness/Decision,Historical auxiliary result; retained when compatible,"current V6 papers/specs, then Draft5",archive/draft4/01_RACC_Harness_Draft4.pdf
Draft4,D4-01-11_1,Verified Capability Compounding,Historical theorem/corollary,Recovery/Nondegradation,Historical auxiliary result; retained when compatible,"current V6 papers/specs, then Draft5",archive/draft4/01_RACC_Harness_Draft4.pdf
Draft4,D4-02-3_2,Retrospective Rewrite Cache-Break Theorem,Historical theorem/corollary,Cache/Q99,Superseded by Draft5/V6 exact LCP characterization,"current V6 papers/specs, then Draft5",archive/draft4/02_RACC_Q99_Causal_Caching_Draft4.pdf
Draft4,D4-02-3_3,Invalidated cached suffix mass,Historical theorem/corollary,Cache/Q99,Superseded by Draft5/V6 exact LCP characterization,"current V6 papers/specs, then Draft5",archive/draft4/02_RACC_Q99_Causal_Caching_Draft4.pdf
Draft4,D4-02-3_4,Cache-Compaction Break-Even Theorem,Historical theorem/corollary,Cache/Q99,Historical auxiliary result; retained when compatible,"current V6 papers/specs, then Draft5",archive/draft4/02_RACC_Q99_Causal_Caching_Draft4.pdf
Draft4,D4-02-5_1,First-Emission Prefix Preservation,Historical theorem/corollary,Cache/Q99,Historical auxiliary result; retained when compatible,"current V6 papers/specs, then Draft5",archive/draft4/02_RACC_Q99_Causal_Caching_Draft4.pdf
Draft4,D4-02-5_2,Expansion without prefix destruction,Historical theorem/corollary,Cache/Q99,Historical auxiliary result; retained when compatible,"current V6 papers/specs, then Draft5",archive/draft4/02_RACC_Q99_Causal_Caching_Draft4.pdf
Draft4,D4-02-6_1,Reference-First Amortization,Historical theorem/corollary,Other/Research,Historical auxiliary result; retained when compatible,"current V6 papers/specs, then Draft5",archive/draft4/02_RACC_Q99_Causal_Caching_Draft4.pdf
Draft4,D4-02-7_1,Causal Cache Soundness,Historical theorem/corollary,Cache/Q99,Historical auxiliary result; retained when compatible,"current V6 papers/specs, then Draft5",archive/draft4/02_RACC_Q99_Causal_Caching_Draft4.pdf
Draft4,D4-02-8_1,Dependency-Complete Invalidation,Historical theorem/corollary,Cache/Q99,Historical auxiliary result; retained when compatible,"current V6 papers/specs, then Draft5",archive/draft4/02_RACC_Q99_Causal_Caching_Draft4.pdf
Draft4,D4-02-8_3,Weighted Causal Q99,Historical theorem/corollary,Cache/Q99,Historical auxiliary result; retained when compatible,"current V6 papers/specs, then Draft5",archive/draft4/02_RACC_Q99_Causal_Caching_Draft4.pdf
Draft4,D4-02-8_4,Causal Early-Cutoff Theorem,Historical theorem/corollary,Other/Research,Historical auxiliary result; retained when compatible,"current V6 papers/specs, then Draft5",archive/draft4/02_RACC_Q99_Causal_Caching_Draft4.pdf
Draft4,D4-02-8_5,Causal Q99 Impossibility under High-Impact Novelty,Historical theorem/corollary,Cache/Q99,Historical auxiliary result; retained when compatible,"current V6 papers/specs, then Draft5",archive/draft4/02_RACC_Q99_Causal_Caching_Draft4.pdf
Draft4,D4-02-8_7,Bounded-invalidation sufficient condition,Historical theorem/corollary,Cache/Q99,Historical auxiliary result; retained when compatible,"current V6 papers/specs, then Draft5",archive/draft4/02_RACC_Q99_Causal_Caching_Draft4.pdf
Draft4,D4-02-8_9,No Self-Induced Prefix Write Amplification,Historical theorem/corollary,Cache/Q99,Historical auxiliary result; retained when compatible,"current V6 papers/specs, then Draft5",archive/draft4/02_RACC_Q99_Causal_Caching_Draft4.pdf
Draft4,D4-02-9_1,Sequential-to-Causal Topology Transposition,Historical theorem/corollary,Other/Research,Historical auxiliary result; retained when compatible,"current V6 papers/specs, then Draft5",archive/draft4/02_RACC_Q99_Causal_Caching_Draft4.pdf
Draft4,D4-02-10_1,Branch-Local Reuse,Historical theorem/corollary,Other/Research,Historical auxiliary result; retained when compatible,"current V6 papers/specs, then Draft5",archive/draft4/02_RACC_Q99_Causal_Caching_Draft4.pdf
Draft4,D4-02-11_1,Cache Factorization,Historical theorem/corollary,Cache/Q99,Historical auxiliary result; retained when compatible,"current V6 papers/specs, then Draft5",archive/draft4/02_RACC_Q99_Causal_Caching_Draft4.pdf
Draft4,D4-02-12_1,Executable Causal-Frontier Sufficiency,Historical theorem/corollary,Pareto/Accounting,Historical auxiliary result; retained when compatible,"current V6 papers/specs, then Draft5",archive/draft4/02_RACC_Q99_Causal_Caching_Draft4.pdf
Draft4,D4-02-13_1,Provider-Miss Insulation,Historical theorem/corollary,Cache/Q99,Historical auxiliary result; retained when compatible,"current V6 papers/specs, then Draft5",archive/draft4/02_RACC_Q99_Causal_Caching_Draft4.pdf
Draft4,D4-02-13_2,Forty-token interface example,Historical theorem/corollary,Other/Research,Historical auxiliary result; retained when compatible,"current V6 papers/specs, then Draft5",archive/draft4/02_RACC_Q99_Causal_Caching_Draft4.pdf
Draft4,D4-02-13_3,Two-Tier Nonincrease,Historical theorem/corollary,Other/Research,Historical auxiliary result; retained when compatible,"current V6 papers/specs, then Draft5",archive/draft4/02_RACC_Q99_Causal_Caching_Draft4.pdf
Draft4,D4-02-14_1,Provider-Controlled Residency Transposition,Historical theorem/corollary,Cache/Q99,Historical auxiliary result; retained when compatible,"current V6 papers/specs, then Draft5",archive/draft4/02_RACC_Q99_Causal_Caching_Draft4.pdf
Draft4,D4-02-14_2,Idle-time independence,Historical theorem/corollary,Other/Research,Historical auxiliary result; retained when compatible,"current V6 papers/specs, then Draft5",archive/draft4/02_RACC_Q99_Causal_Caching_Draft4.pdf
Draft4,D4-02-14_3,Poisson durable-hit advantage,Historical theorem/corollary,Other/Research,Historical auxiliary result; retained when compatible,"current V6 papers/specs, then Draft5",archive/draft4/02_RACC_Q99_Causal_Caching_Draft4.pdf
Draft4,D4-02-14_4,Durable Q99 condition,Historical theorem/corollary,Cache/Q99,Historical auxiliary result; retained when compatible,"current V6 papers/specs, then Draft5",archive/draft4/02_RACC_Q99_Causal_Caching_Draft4.pdf
Draft4,D4-02-15_1,No Project-Amnesia on Provider Miss,Historical theorem/corollary,Cache/Q99,Historical auxiliary result; retained when compatible,"current V6 papers/specs, then Draft5",archive/draft4/02_RACC_Q99_Causal_Caching_Draft4.pdf
Draft4,D4-03-2_1,Same-Harness Capability Superset,Historical theorem/corollary,Harness/Decision,Historical auxiliary result; retained when compatible,"current V6 papers/specs, then Draft5",archive/draft4/03_ZeroStack_Pareto_Closure_Draft4.pdf
Draft4,D4-03-2_2,Guarded Protected Nonregression,Historical theorem/corollary,Recovery/Nondegradation,Historical auxiliary result; retained when compatible,"current V6 papers/specs, then Draft5",archive/draft4/03_ZeroStack_Pareto_Closure_Draft4.pdf
Draft4,D4-03-2_3,Strict protected improvement,Historical theorem/corollary,Other/Research,Historical auxiliary result; retained when compatible,"current V6 papers/specs, then Draft5",archive/draft4/03_ZeroStack_Pareto_Closure_Draft4.pdf
Draft4,D4-03-4_1,Per-Coordinate Hit-Rate Interval,Historical theorem/corollary,Other/Research,Historical auxiliary result; retained when compatible,"current V6 papers/specs, then Draft5",archive/draft4/03_ZeroStack_Pareto_Closure_Draft4.pdf
Draft4,D4-03-4_2,Multi-Resource Pareto Feasibility,Historical theorem/corollary,Pareto/Accounting,Historical auxiliary result; retained when compatible,"current V6 papers/specs, then Draft5",archive/draft4/03_ZeroStack_Pareto_Closure_Draft4.pdf
Draft4,D4-03-4_4,Impossible Q99 configuration,Historical theorem/corollary,Cache/Q99,Historical auxiliary result; retained when compatible,"current V6 papers/specs, then Draft5",archive/draft4/03_ZeroStack_Pareto_Closure_Draft4.pdf
Draft4,D4-03-5_2,One-/Two-Call Boundary Reduction,Historical theorem/corollary,Harness/Decision,Historical auxiliary result; retained when compatible,"current V6 papers/specs, then Draft5",archive/draft4/03_ZeroStack_Pareto_Closure_Draft4.pdf
Draft4,D4-03-5_3,Decision-Boundary Warmness,Historical theorem/corollary,Harness/Decision,Historical auxiliary result; retained when compatible,"current V6 papers/specs, then Draft5",archive/draft4/03_ZeroStack_Pareto_Closure_Draft4.pdf
Draft4,D4-03-6_1,Frontier Closure Theorem,Historical theorem/corollary,Pareto/Accounting,Historical auxiliary result; retained when compatible,"current V6 papers/specs, then Draft5",archive/draft4/03_ZeroStack_Pareto_Closure_Draft4.pdf
Draft4,D4-03-6_2,Reasoning/work floor,Historical theorem/corollary,Pareto/Accounting,Historical auxiliary result; retained when compatible,"current V6 papers/specs, then Draft5",archive/draft4/03_ZeroStack_Pareto_Closure_Draft4.pdf
Draft4,D4-03-7_1,Certified Redundant-Gap Closure,Historical theorem/corollary,Pareto/Accounting,Historical auxiliary result; retained when compatible,"current V6 papers/specs, then Draft5",archive/draft4/03_ZeroStack_Pareto_Closure_Draft4.pdf
Draft4,D4-03-8_1,Irreducible Decision Floor,Historical theorem/corollary,Harness/Decision,Historical auxiliary result; retained when compatible,"current V6 papers/specs, then Draft5",archive/draft4/03_ZeroStack_Pareto_Closure_Draft4.pdf
Draft4,D4-03-9_1,Q99 Boundary Condition,Historical theorem/corollary,Cache/Q99,Historical auxiliary result; retained when compatible,"current V6 papers/specs, then Draft5",archive/draft4/03_ZeroStack_Pareto_Closure_Draft4.pdf
Draft4,D4-03-10_1,Componentwise Reinvestment,Historical theorem/corollary,Other/Research,Historical auxiliary result; retained when compatible,"current V6 papers/specs, then Draft5",archive/draft4/03_ZeroStack_Pareto_Closure_Draft4.pdf
Draft6,V6-C01,Protected Decision-View Minimality,Proved in finite stated model,Harness/Decision,Current canonical,Draft6,current/papers/
Draft6,V6-C02,Harness Decision-Boundary Compression,Conditional theorem,Harness/Decision,Current canonical,Draft6,current/papers/
Draft6,V6-C03,Adaptive Decision-Round Lower Bound,Proved in stated model,Harness/Decision,Current canonical,Draft6,current/papers/
Draft6,V6-C04,One-/Two-Call Normal Form,Corollary,Harness/Decision,Current canonical,Draft6,current/papers/
Draft6,V6-C05,Snap-to-Edit Sufficiency,Conditional theorem,Harness/Decision,Current canonical,Draft6,current/papers/
Draft6,V6-C06,Stable-Reference Recovery,Conditional theorem,Recovery/Nondegradation,Current canonical,Draft6,current/papers/
Draft6,V6-C07,Same-Harness Capability Superset,Conditional theorem,Harness/Decision,Current canonical,Draft6,current/papers/
Draft6,V6-C08,Guarded Protected Nonregression,Conditional theorem,Recovery/Nondegradation,Current canonical,Draft6,current/papers/
Draft6,V6-C09,Frontier Closure,Proved,Pareto/Accounting,Current canonical,Draft6,current/papers/
Draft6,V6-C10,Certified Redundant-Work Closure,Proved/accounting,Pareto/Accounting,Current canonical,Draft6,current/papers/
Draft6,V6-H01,Harness-Transport Factorization,Conditional theorem,Harness/Decision,Current canonical,Draft6,current/papers/
Draft6,V6-H02,Continuation Sufficiency,Conditional theorem,Harness/Decision,Current canonical,Draft6,current/papers/
Draft6,V6-H03,Decision-Preserving Private Composition,Conditional theorem,Harness/Decision,Current canonical,Draft6,current/papers/
Draft6,V6-H04,Atomic No-Mutation Failure,Conditional theorem,Effects/Authority,Current canonical,Draft6,current/papers/
Draft6,V6-H05,Verified Capability Compounding,Conditional theorem,Recovery/Nondegradation,Current canonical,Draft6,current/papers/
Draft6,V6-Q01,Exact Retrospective Rewrite Characterization,Proved,Cache/Q99,Current canonical,Draft6,current/papers/
Draft6,V6-Q02,Cache-Compaction Crossover,Proved,Cache/Q99,Current canonical,Draft6,current/papers/
Draft6,V6-Q03,Horizon-Aware Rewrite Break-Even,Proved,Cache/Q99,Current canonical,Draft6,current/papers/
Draft6,V6-Q04,First-Emission Prefix Immunity,Proved,Cache/Q99,Current canonical,Draft6,current/papers/
Draft6,V6-Q05,Causal Cache Soundness,Conditional theorem,Cache/Q99,Current canonical,Draft6,current/papers/
Draft6,V6-Q06,Dependency-Complete Invalidation,Conditional theorem,Cache/Q99,Current canonical,Draft6,current/papers/
Draft6,V6-Q07,Equality-Boundary Early Cutoff,Conditional theorem,Other/Research,Current canonical,Draft6,current/papers/
Draft6,V6-Q08,Weighted Causal Q99,Proved,Cache/Q99,Current canonical,Draft6,current/papers/
Draft6,V6-Q09,Causal Residency Budget,Proved in finite capacity model,Cache/Q99,Current canonical,Draft6,current/papers/
Draft6,V6-Q10,Q99 Eviction Slack,Proved,Cache/Q99,Current canonical,Draft6,current/papers/
Draft6,V6-Q11,Provider-Miss Insulation,Conditional theorem,Cache/Q99,Current canonical,Draft6,current/papers/
Draft6,V6-Q12,Provider-Miss Bounded Amplification,Proved/accounting,Cache/Q99,Current canonical,Draft6,current/papers/
Draft6,V6-I01,Concrete Runtime Refinement,Conditional theorem,Effects/Authority,Current canonical,Draft6,current/papers/
